{
    "name": "root",
    "gauges": {
        "HunterBot.Policy.Entropy.mean": {
            "value": 1.418938398361206,
            "min": 1.418938398361206,
            "max": 1.418938398361206,
            "count": 1
        },
        "HunterBot.Policy.Entropy.sum": {
            "value": 16346.169921875,
            "min": 16346.169921875,
            "max": 16346.169921875,
            "count": 1
        },
        "HunterBot.Step.mean": {
            "value": 9984.0,
            "min": 9984.0,
            "max": 9984.0,
            "count": 1
        },
        "HunterBot.Step.sum": {
            "value": 9984.0,
            "min": 9984.0,
            "max": 9984.0,
            "count": 1
        },
        "HunterBot.Policy.ExtrinsicValueEstimate.mean": {
            "value": 0.007539073470979929,
            "min": 0.007539073470979929,
            "max": 0.007539073470979929,
            "count": 1
        },
        "HunterBot.Policy.ExtrinsicValueEstimate.sum": {
            "value": 0.5880477428436279,
            "min": 0.5880477428436279,
            "max": 0.5880477428436279,
            "count": 1
        },
        "HunterBot.Policy.RndValueEstimate.mean": {
            "value": -0.36041533946990967,
            "min": -0.36041533946990967,
            "max": -0.36041533946990967,
            "count": 1
        },
        "HunterBot.Policy.RndValueEstimate.sum": {
            "value": -28.112396240234375,
            "min": -28.112396240234375,
            "max": -28.112396240234375,
            "count": 1
        },
        "HunterBot.IsTraining.mean": {
            "value": 1.0,
            "min": 1.0,
            "max": 1.0,
            "count": 1
        },
        "HunterBot.IsTraining.sum": {
            "value": 1.0,
            "min": 1.0,
            "max": 1.0,
            "count": 1
        }
    },
    "metadata": {
        "timer_format_version": "0.1.0",
        "start_time_seconds": "1768952468",
        "python_version": "3.10.8 | packaged by conda-forge | (main, Nov 22 2022, 08:25:29) [Clang 14.0.6 ]",
        "command_line_arguments": "/opt/homebrew/Caskroom/miniforge/base/envs/mlagents/bin/mlagents-learn HunterBot.yaml --run-id=TestRun4 --env-args -timeout-wait 300",
        "mlagents_version": "0.30.0",
        "mlagents_envs_version": "0.30.0",
        "communication_protocol_version": "1.5.0",
        "pytorch_version": "1.11.0",
        "numpy_version": "1.23.5",
        "end_time_seconds": "1768952614"
    },
    "total": 146.54732891597087,
    "count": 1,
    "self": 0.00343103997875005,
    "children": {
        "run_training.setup": {
            "total": 0.015961416997015476,
            "count": 1,
            "self": 0.015961416997015476
        },
        "TrainerController.start_learning": {
            "total": 146.5279364589951,
            "count": 1,
            "self": 0.023326008347794414,
            "children": {
                "TrainerController._reset_env": {
                    "total": 9.157040083024185,
                    "count": 1,
                    "self": 9.157040083024185
                },
                "TrainerController.advance": {
                    "total": 136.9656911586062,
                    "count": 1310,
                    "self": 0.020477063779253513,
                    "children": {
                        "env_step": {
                            "total": 134.74730288021965,
                            "count": 1310,
                            "self": 133.07697417453164,
                            "children": {
                                "SubprocessEnvManager._take_step": {
                                    "total": 1.6563326771720313,
                                    "count": 1310,
                                    "self": 0.07305709220236167,
                                    "children": {
                                        "TorchPolicy.evaluate": {
                                            "total": 1.5832755849696696,
                                            "count": 1309,
                                            "self": 1.5832755849696696
                                        }
                                    }
                                },
                                "workers": {
                                    "total": 0.013996028515975922,
                                    "count": 1309,
                                    "self": 0.0,
                                    "children": {
                                        "worker_root": {
                                            "total": 78.19398080336396,
                                            "count": 1309,
                                            "is_parallel": true,
                                            "self": 8.01687456748914,
                                            "children": {
                                                "steps_from_proto": {
                                                    "total": 0.0008629999938420951,
                                                    "count": 1,
                                                    "is_parallel": true,
                                                    "self": 0.00022608297877013683,
                                                    "children": {
                                                        "_process_rank_one_or_two_observation": {
                                                            "total": 0.0006369170150719583,
                                                            "count": 4,
                                                            "is_parallel": true,
                                                            "self": 0.0006369170150719583
                                                        }
                                                    }
                                                },
                                                "UnityEnvironment.step": {
                                                    "total": 70.17624323588097,
                                                    "count": 1309,
                                                    "is_parallel": true,
                                                    "self": 0.13248141831718385,
                                                    "children": {
                                                        "UnityEnvironment._generate_step_input": {
                                                            "total": 0.8584926681942306,
                                                            "count": 1309,
                                                            "is_parallel": true,
                                                            "self": 0.8584926681942306
                                                        },
                                                        "communicator.exchange": {
                                                            "total": 68.32729787094286,
                                                            "count": 1309,
                                                            "is_parallel": true,
                                                            "self": 68.32729787094286
                                                        },
                                                        "steps_from_proto": {
                                                            "total": 0.8579712784267031,
                                                            "count": 1309,
                                                            "is_parallel": true,
                                                            "self": 0.22194106405368075,