{"count":1,"self":172.54832639999998,"total":174.576586,"children":{"InitializeActuators":{"count":15,"self":0.00087499999999999991,"total":0.00087499999999999991,"children":null},"InitializeSensors":{"count":15,"self":0.0016539999999999999,"total":0.0016539999999999999,"children":null},"AgentSendState":{"count":4949,"self":1.606633,"total":1.7224169999999999,"children":{"CollectObservations":{"count":14850,"self":0.036586,"total":0.036586,"children":null},"WriteActionMask":{"count":14850,"self":0.012728,"total":0.012728,"children":null},"RequestDecision":{"count":14850,"self":0.037351999999999996,"total":0.06647,"children":{"RayPerceptionSensor.Perceive":{"count":14850,"self":0.029117999999999998,"total":0.029117999999999998,"children":null}}}}},"DecideAction":{"count":4949,"self":0.092739999999999989,"total":0.092739999999999989,"children":null},"AgentAct":{"count":4949,"self":0.210507,"total":0.21054699999999998,"children":{"RayPerceptionSensor.Perceive":{"count":15,"self":3.9999999999999996E-05,"total":3.9999999999999996E-05,"children":null}}}},"gauges":{"HunterBot.CumulativeReward":{"count":15,"max":-1.36754048,"min":-1.47316849,"runningAverage":-1.44335759,"value":-1.46603417,"weightedAverage":-1.44088376}},"metadata":{"timer_format_version":"0.1.0","start_time_seconds":"1782285430","unity_version":"6000.3.15f1","command_line_arguments":"\/Applications\/Unity\/Hub\/Editor\/6000.3.15f1\/Unity.app\/Contents\/MacOS\/Unity -projectpath \/Users\/eliopikuli\/Documents\/לימודים\/סמסטר י\/פרוייקט חלק ב\/DynamicLab -acceptSoftwareTermsForThisRunOnly -useHub -hubIPC -cloudEnvironment production -licensingIpc LicenseClient-eliopikuli -hubSessionId 04bab09e-ea17-4be6-a1be-55d3d9854144 -accessToken 2jGjLtFLTfdv0HMGctw9VgjHIRAt9VDZVZo5sAxcq0E011f","communication_protocol_version":"1.5.0","com.unity.ml-agents_version":"2.0.2","scene_name":"MainMenu","end_time_seconds":"1782285605"}}