{
    "name": "root",
    "gauges": {
        "HunterBot.Policy.Entropy.mean": {
            "value": 1.417051911354065,
            "min": 1.4166547060012817,
            "max": 1.418938398361206,
            "count": 3
        },
        "HunterBot.Policy.Entropy.sum": {
            "value": 13603.6982421875,
            "min": 13599.884765625,
            "max": 16346.169921875,
            "count": 3
        },
        "HunterBot.Step.mean": {
            "value": 29952.0,
            "min": 9984.0,
            "max": 29952.0,
            "count": 3
        },
        "HunterBot.Step.sum": {
            "value": 29952.0,
            "min": 9984.0,
            "max": 29952.0,
            "count": 3
        },
        "HunterBot.Policy.ExtrinsicValueEstimate.mean": {
            "value": -0.3457914888858795,
            "min": -0.5250285863876343,
            "max": -0.3457914888858795,
            "count": 3
        },
        "HunterBot.Policy.ExtrinsicValueEstimate.sum": {
            "value": -26.971736907958984,
            "min": -40.95222854614258,
            "max": -26.971736907958984,
            "count": 3
        },
        "HunterBot.Policy.RndValueEstimate.mean": {
            "value": 4.733428001403809,
            "min": 0.32259485125541687,
            "max": 4.733428001403809,
            "count": 3
        },
        "HunterBot.Policy.RndValueEstimate.sum": {
            "value": 369.2073974609375,
            "min": 25.162399291992188,
            "max": 369.2073974609375,
            "count": 3
        },
        "HunterBot.IsTraining.mean": {
            "value": 1.0,
            "min": 1.0,
            "max": 1.0,
            "count": 3
        },
        "HunterBot.IsTraining.sum": {
            "value": 1.0,
            "min": 1.0,
            "max": 1.0,
            "count": 3
        },
        "HunterBot.Losses.PolicyLoss.mean": {
            "value": 0.1544786492701281,
            "min": 0.1522340040061284,
            "max": 0.1544786492701281,
            "count": 2
        },
        "HunterBot.Losses.PolicyLoss.sum": {
            "value": 0.1544786492701281,
            "min": 0.1522340040061284,
            "max": 0.1544786492701281,
            "count": 2
        },
        "HunterBot.Losses.ValueLoss.mean": {
            "value": 5411.168449633049,
            "min": 5411.168449633049,
            "max": 5756.511585582386,
            "count": 2
        },
        "HunterBot.Losses.ValueLoss.sum": {
            "value": 5411.168449633049,
            "min": 5411.168449633049,
            "max": 5756.511585582386,
            "count": 2
        },
        "HunterBot.Policy.LearningRate.mean": {
            "value": 0.000293088002304,
            "min": 0.000293088002304,
            "max": 0.000296544001152,
            "count": 2
        },
        "HunterBot.Policy.LearningRate.sum": {
            "value": 0.000293088002304,
            "min": 0.000293088002304,
            "max": 0.000296544001152,
            "count": 2
        },
        "HunterBot.Policy.Epsilon.mean": {
            "value": 0.197696,
            "min": 0.197696,
            "max": 0.19884800000000002,
            "count": 2
        },
        "HunterBot.Policy.Epsilon.sum": {
            "value": 0.197696,
            "min": 0.197696,
            "max": 0.19884800000000002,
            "count": 2
        },
        "HunterBot.Policy.Beta.mean": {
            "value": 0.0048850304,
            "min": 0.0048850304,
            "max": 0.0049425152,
            "count": 2
        },
        "HunterBot.Policy.Beta.sum": {
            "value": 0.0048850304,
            "min": 0.0048850304,
            "max": 0.0049425152,
            "count": 2
        },
        "HunterBot.Losses.RNDLoss.mean": {
            "value": 584.86767578125,
            "min": 575.53076171875,
            "max": 584.86767578125,
            "count": 2
        },
        "HunterBot.Losses.RNDLoss.sum": {
            "value": 584.86767578125,
            "min": 575.53076171875,
            "max": 584.86767578125,
            "count": 2
        }
    },
    "metadata": {
        "timer_format_version": "0.1.0",
        "start_time_seconds": "1768952733",
        "python_version": "3.10.8 | packaged by conda-forge | (main, Nov 22 2022, 08:25:29) [Clang 14.0.6 ]",
        "command_line_arguments": "/opt/homebrew/Caskroom/miniforge/base/envs/mlagents/bin/mlagents-learn HunterBot.yaml --run-id=TestRun5 --env-args -timeout-wait 300",
        "mlagents_version": "0.30.0",
        "mlagents_envs_version": "0.30.0",
        "communication_protocol_version": "1.5.0",
        "pytorch_version": "1.11.0",
        "numpy_version": "1.23.5",
        "end_time_seconds": "1768952980"
    },
    "total": 246.74709983397042,
    "count": 1,
    "self": 0.0038700420409440994,
    "children": {
        "run_training.setup": {
            "total": 0.01635491696652025,
            "count": 1,
            "self": 0.01635491696652025
        },
        "TrainerController.start_learning": {
            "total": 246.72687487496296,
            "count": 1,
            "self": 0.04784876754274592,
            "children": {
                "TrainerController._reset_env": {
                    "total": 8.452811958035454,
                    "count": 1,
                    "self": 8.452811958035454
                },
                "TrainerController.advance": {
                    "total": 237.8464845243725,
                    "count": 2678,
                    "self": 0.0426069920649752,
                    "children": {
                        "env_step": {
                            "total": 232.1909680320532,
                            "count": 2678,
                            "self": 228.65861802746076,
                            "children": {
                                "SubprocessEnvManager._take_step": {
                                    "total": 3.502936807984952,
                                    "count": 2678,
                                    "self": 0.15126251988112926,
                                    "children": {
                                        "TorchPolicy.evaluate": {
                                            "total": 3.3516742881038226,
                                            "count": 2677,
                                            "self": 3.3516742881038226
                                        }
                                    }
                                },
                                "workers": {
                                    "total": 0.029413196607492864,
                                    "count": 2677,
                                    "self": 0.0,
                                    "children": {
                                        "worker_root": {
                                            "total": 178.74099300050875,
                                            "count": 2677,
                                            "is_parallel": true,
                                            "self": 14.863816602039151,
                                            "children": {
                                                "steps_from_proto": {
                                                    "total": 0.0016672909841872752,
                                                    "count": 1,
                                                    "is_parallel": true,
                                                    "self": 0.0003583739744499326,
                                                    "children": {
                                                        "_process_rank_one_or_two_observation": {
                                                            "total": 0.0013089170097373426,
                                                            "count": 4,
                                                            "is_parallel": true,